[{"model": "admin.logentry", "pk": 1, "fields": {"action_time": "2021-04-06T19:40:28.766Z", "user": 1, "content_type": 7, "object_id": "1", "object_repr": "Desktop - 45", "action_flag": 1, "change_message": "[{\"added\": {}}]"}}, {"model": "admin.logentry", "pk": 2, "fields": {"action_time": "2021-04-06T19:40:34.330Z", "user": 1, "content_type": 7, "object_id": "2", "object_repr": "Laptop - 60", "action_flag": 1, "change_message": "[{\"added\": {}}]"}}, {"model": "admin.logentry", "pk": 3, "fields": {"action_time": "2021-04-06T19:44:46.621Z", "user": 1, "content_type": 7, "object_id": "3", "object_repr": "Smartphone - 90", "action_flag": 1, "change_message": "[{\"added\": {}}]"}}, {"model": "admin.logentry", "pk": 4, "fields": {"action_time": "2021-04-06T19:53:15.821Z", "user": 1, "content_type": 7, "object_id": "5", "object_repr": "Tv - 50", "action_flag": 3, "change_message": ""}}, {"model": "auth.user", "pk": 1, "fields": {"password": "pbkdf2_sha256$180000$9VR9nl4iKHjv$3Ur+sZ0uDfoTZF0zU2ooL6HpvfJxAfaDdmeFLa+LmwQ=", "last_login": "2021-04-06T19:40:16.955Z", "is_superuser": true, "username": "adib", "first_name": "", "last_name": "", "email": "adib@gmail.com", "is_staff": true, "is_active": true, "date_joined": "2021-04-06T19:39:52.597Z", "groups": [], "user_permissions": []}}, {"model": "chartapp.product", "pk": 1, "fields": {"category": "Desktop", "num_of_products": 45}}, {"model": "chartapp.product", "pk": 2, "fields": {"category": "Laptop", "num_of_products": 60}}, {"model": "chartapp.product", "pk": 3, "fields": {"category": "Smartphone", "num_of_products": 90}}, {"model": "chartapp.product", "pk": 4, "fields": {"category": "Health", "num_of_products": 78}}, {"model": "chartapp.product", "pk": 6, "fields": {"category": "Tv", "num_of_products": 50}}, {"model": "chartapp.product", "pk": 7, "fields": {"category": "mans", "num_of_products": 80}}, {"model": "chartapp.product", "pk": 8, "fields": {"category": "sports", "num_of_products": 70}}, {"model": "chartapp.product", "pk": 9, "fields": {"category": "shoes", "num_of_products": 20}}, {"model": "chartapp.product", "pk": 10, "fields": {"category": "leather", "num_of_products": 20}}, {"model": "chartapp.product", "pk": 11, "fields": {"category": "shoes", "num_of_products": 79}}]